Txn Date,Quarter,Description,Type,Details,Amount,Apartment Number
02-04-2026,Q1,Payment:  NEFT Cr-HDFCH00904314421-HDFC0000001-K SUREKHA SRIDHAR--0001-D 303,Payment,2025SPC,10000,D303
03-04-2026,Q1,Payment:  NEFT Cr-AXOMB09302169779-UTIB0000333-ANITA SHOBHA FLYNN--Others-April maintenance,Payment,2026MN1,7500,C103
06-04-2026,Q1,Payment:  UPI/CR/300259442131/RAVI  SRI/SURY/**77401@ptyes/Sent usi//PTM3f37af02848443158a41892361bb2a77/06/04/2026 15:01:55,Payment,2026MN1,20385,E202
06-04-2026,Q1,Payment:  UPI/CR/108926352536/SHAH  ALAM/SBIN/**ofsbi@axl/Payment //AXL22aa4943370c44f0ab63fefdf7293f24/06/04/2026 15:28:37,Payment,2026MN1,22500,D001
06-04-2026,Q1,Payment:  NEFT Cr-IN12609631894681-ICIC0SF0002-DILIP JOSE P--D002MAINT,Payment,2026MN1,18270,D002
06-04-2026,Q1,Payment:  INET-IMPS-CR/UMAKANTHAN/ICICI Bank/005101001788/C101/9998987115/06/04/2026 16:31:21/609616801634,Payment,2026MN1,22500,C101
06-04-2026,Q1,Payment:  NEFT Cr-HDFCH00913790376-HDFC0000001-A L KRISHNAN--0001-D003 1st qtr maint,Payment,2026MN1,22500,D003
06-04-2026,Q1,Payment:  NEFT Cr-IN12609631907740-ICIC0SF0002-AVINASH GOPAL GHODGAONKAR-,Payment,2026MN1,22500,A301
06-04-2026,Q1,Payment:  NEFT Cr-SBIN426096048818-SBIN0003301-THOMAS RONY MATHEW--/ATTN/,Payment,2026MN1,22500,B001
06-04-2026,Q1,Payment:  NEFT Cr-HDFCH00914609287-HDFC0000001-SUBRAMANIAN NARAYANAN IYER--0001-D301 Q1 maintenanc,Payment,2026MN1,22500,D301
07-04-2026,Q1,Payment:  NEFT Cr-AXOMB09702090646-UTIB0005157-APPACHU KARUMBAIAH K S--Others-maintenance charges,Payment,2026MN1,22500,C001
07-04-2026,Q1,Payment:  IB IFT 40996100 0792118003910 VIJAYA R VASU   OTH-B002Q1 maintenance April 2627,Payment,2026MN1,22500,B002
07-04-2026,Q1,Payment:  IB IFT 42817800 0792118003910 VIJAYA R VASU   OTH-Swimming pool capex 2 1 inst april 2026,Payment,2026MN1,6667,B002
07-04-2026,Q1,Payment:  MOB-IMPS-CR/SUSHMA RAN/IndusInd B/152408198000/P2AMOB/0000000000/07/04/2026 17:50:22/609717756818,Payment,2026MN1,22500,B302
07-04-2026,Q1,Payment:  INET-IMPS-CR/SKANDAN V/HDFCBANKLT/50100284365485/IMPS trans/8147986900/07/04/2026 18:42:16/609745800308,Payment,2026MN1,22500,D203
08-04-2026,Q1,Payment:  NEFT Cr-HSBCN09835962250-HSBC0560002-MS MANJULA KRISHNA--/ACC/NEFT,Payment,2026MN1,22500,B201
08-04-2026,Q1,Payment:  NEFT Cr-IN12609832191070-ICIC0SF0002-JAYARAMAN SUSILA--APRTOJUN26MAINT,Payment,2026MN1,22500,E301
08-04-2026,Q1,Payment:  NEFT Cr-AXSK260980003934-UTIB0000052-BRITISH BIOLOGICALS PRIVATE LIMITED-,Payment,2026MN1,20370,D202
08-04-2026,Q1,Payment:  NEFT Cr-HDFCH00921192081-HDFC0000001-NATARAJAN NARAYANAN SANKARA--0001-E101 Q1 Maintenanc,Payment,2026MN1,22500,E101
08-04-2026,Q1,Payment:  UPI/CR/161327216900/PRIYANKSA/ICIC/**07632@upi/NO REMARKS//UPIed59cf90468851818342bbd474bba314/08/04/2026 16:13:27,Payment,2026MN1,22500,A001
09-04-2026,Q1,Payment:  NEFT Cr-HDFCH00923063407-HDFC0000001-BHASKAR ROY--0001-Q1 maintenance,Payment,2026MN1,22500,D101
09-04-2026,Q1,Payment:  MOB-IMPS-CR/ANANYA H P/ICICI Bank/720201500559/IMPS Trans/9481393912/09/04/2026 09:53:40/609909675627,Payment,2026MN1,20385,E302
09-04-2026,Q1,Payment:  NEFT Cr-AXOMB09902030276-UTIB0004163-VISHRAM  MARATHE-,Payment,2026MN1,18180,C002
09-04-2026,Q1,Payment:  NEFT Cr-IN12609932373578-ICIC0SF0002-KIRTIBHUSHAN BHALERAO--MAINTENANCE E002,Payment,2026MN1,18165,E002
09-04-2026,Q1,Payment:  NEFT Cr-KKBKH26099685810-KKBK0000958-PRIYA NATARAJAN--Payment,Payment,2026MN1,22500,A102
09-04-2026,Q1,Payment:  NEFT Cr-HDFCH00923275456-HDFC0000001-NARESH BABU SUNKARA--0001-A 101 MAINTENANCE,Payment,2026MN1,22500,A101
09-04-2026,Q1,Payment:  NEFT Cr-KKBKH26099704085-KKBK0000958-SUKUMAR GRANDHI JAYACHANDRA--Payment,Payment,2026MN1,22500,C303
09-04-2026,Q1,Payment:  IB IFT 21309900 2753101000227 NARAYANA RAO P S OTH-E201maintenance,Payment,2026MN1,22500,E201
09-04-2026,Q1,Payment:  MOB-IMPS-CR/MURLI RAGH/KMB       /8879553017/KKBKTransf/8879553017/09/04/2026 13:50:57/609913514331,Payment,2026MN1,22500,C301
09-04-2026,Q1,Payment:  NEFT Cr-HSBCN09936430261-HSBC0560002-MS MANJULA KRISHNA--/ACC/NEFT,Payment,2026MN1,22500,B202
10-04-2026,Q1,Payment:  INET-IMPS-CR/ABRAHAMPRA/AXIS BANK /913010008879725/E102Q12026/9845804120/10/04/2026 08:18:41/610086374948,Payment,2026MN1,20190,E102
10-04-2026,Q1,Payment:  NEFT Cr-HDFCH00925537198-HDFC0000001-A SRINIVASU--0001-A302,Payment,2026MN1,22500,A302
10-04-2026,Q1,Payment:  NEFT Cr-IN12610032587982-ICIC0SF0002-INJARAPU SESHAGIRI RAO--E001CORONETPMT,Payment,2026MN1,22500,E001
10-04-2026,Q1,Payment:  NEFT Cr-IN12610032590723-ICIC0SF0002-RAJAGOPAL SUBRAMANIAN--C203RAJAGOPAL,Payment,2026MN1,22500,C203
10-04-2026,Q1,Payment:  NEFT Cr-IN12610032590469-ICIC0SF0002-DEEPIKA GIRI-,Payment,2026MN1,19830,C102
10-04-2026,Q1,Payment:  NEFT Cr-HDFCH00926447667-HDFC0000001-MOHAMMED SIGBATHULLA--0001-A002 CC Q1 Mntc,Payment,2026MN1,22500,A002
10-04-2026,Q1,Payment:  NEFT Cr-HSBCN10036931370-HSBC0560002-MR ABHISHEK REDDY--/ACC/NEFT,Payment,2026MN1,22500,D103
10-04-2026,Q1,Payment:  NEFT Cr-SBIN526100845879-SBIN0016493-P S PRASAD--/ATTN/,Payment,2026MN1,22500,A202
11-04-2026,Q1,Payment:  NEFT Cr-HDFCH00929077627-HDFC0000001-K SUREKHA SRIDHAR--0001-D 303  Mnt Q1,Payment,2026MN1,22500,D303
12-04-2026,Q1,Payment:  NEFT Cr-IN12610232845992-ICIC0SF0002-VINAY S SHETTY-,Payment,2026MN1,22500,C003
13-04-2026,Q1,Payment:  Funds Transfer Debit 0885101011788 - RANGARAJ T D,Payment,2026MN1,37000,D201
14-04-2026,Q1,"Payment:  By Clg:CHN ACCT SEC-INDIAN OVERSEAS BANK (IOB), AB",Payment,2026MN1,19890,XXXX
16-04-2026,Q1,Payment:  UPI/CR/610601265938/PANKAJ KU/SBIN/**201-1@oksbi/maintain//SBI10f030fd5a824d4c9848a16bfa56ce94/16/04/2026 20:32:58,Payment,XXXX,22500,XXXX
21-04-2026,Q1,Payment:  NEFT Cr-IN12611133831724-ICIC0SF0002-ASHOK BABUBHAI AMIN--B102 ASHOKAMIN MAINT,Payment,2026MN1,22500,B102
21-04-2026,Q1,"Payment:  By Clg:CHN ACCT SEC-INDIAN OVERSEAS BANK (IOB), KUSUM SAHAI",Payment,2026MN1,22500,C302
24-04-2026,Q1,Payment:  MOB-IMPS-CR/ARUNA GEOR/The Federa/13990100062915/A201Mainte/9158719191/24/04/2026 10:27:47/611410593631,Payment,2026MN1,22500,A201
02-05-2026,Q1,Payment:  NEFT Cr-IN12612235581441-ICIC0SF0002-VINAY S SHETTY-,Payment,2026MN1,3000,C003
10-05-2026,Q1,Payment:  MOB-IMPS-CR/ANANDA CHA/ICICI Bank/127201505545/Moving out/8777584600/10/05/2026 12:15:27/613012904063,Payment,2026MN1,2500,XXXX
11-05-2026,Q1,Payment:  IB IFT 10631500 0792118003910 VIJAYA R VASU   OTH-Swimming pool repair 2 inst,Payment,2026MN1,6667,B002
23-05-2026,Q1,Payment:  NEFT Cr-HDFCH01013489816-HDFC0000001-BHASKAR ROY--0001-D101 Moving charge,Payment,2026MN1,2500,D101
01-06-2026,Q1,Payment:  NEFT Cr-AXOMB15202029020-UTIB0000333-ANITA SHOBHA FLYNN--Others-June 2026,Payment,2026MN1,7500,C103
01-06-2026,Q1,Payment:  UPI/CR/160456950920/NILESH RA/HDFC/**87721@ybl/Payment //YBL3a05160436e040d3a30c08d1cec82d13/01/06/2026 10:58:43,Payment,2026MISC,2500,C202
11-06-2026,Q1,Payment:  IB IFT 21128600 0792118003910 VIJAYA R VASU   OTH-Swimmingpool3nfinal total20000paidtocc,Payment,2025SPC,6666,B002
30-06-2026,Q1,Payment:  NEFT Cr-AXOMB18102073646-UTIB0000333-ANITA SHOBHA FLYNN--Others,Payment,2026MN1,7500,C103
01-07-2026,Q2,Payment:  INET-IMPS-CR/RAVI SRINI/ICICI Bank/000901528339/IMPS Trans/7200677401/01/07/2026 12:02:17/618212217780,Payment,2026MN2IMP,33415,E202
02-07-2026,Q2,Payment:  NEFT Cr-AXOMB18302062488-UTIB0000333-ANITA SHOBHA FLYNN--Others-maintenance July 26,Payment,2026MN2IMP,19612,C103
02-07-2026,Q2,Payment:  NEFT Cr-AXOMB18302072328-UTIB0000231-ANANYA H P-,Payment,2026MN2IMP,33415,E302
02-07-2026,Q2,Payment:  NEFT Cr-AXOMB18302063188-UTIB0000333-ANITA SHOBHA FLYNN-,Payment,2026MN2,333,C103
02-07-2026,Q2,Payment:  NEFT Cr-IN12618344603368-ICIC0SF0002-KIRTIBHUSHAN BHALERAO--E002 MAINTENACE,Payment,2026MN2IMP,25735,E002
03-07-2026,Q2,Payment:  NEFT Cr-HDFCH01100238946-HDFC0000001-SUBRAMANIAN NARAYANAN IYER--0001-D301 Q2 maintenanc,Payment,2026MN2IMP,26834,D301
04-07-2026,Q2,Payment:  NEFT Cr-HDFCH01102273876-HDFC0000001-SUBRAMANIAN NARAYANAN IYER--0001-D301 q2 imprest,Payment,2026IMP,11000,D301
05-07-2026,Q2,Payment:  NEFT Cr-AXOMB18602038450-UTIB0004163-VISHRAM  MARATHE-,Payment,2026MN2IMP,3560,C002
08-07-2026,Q2,Payment:  NEFT Cr-HDFCH01114509092-HDFC0000001-MOHAMMED SIGBATHULLA--0001-A002 Q2 Mntc Only,Payment,2026MN2,26834,A002
01-04-2026,Q1,Invoice 2026MNQ1,Invoice,2026MNQ1,22500,A001
01-04-2026,Q1,Invoice 2026MNQ1,Invoice,2026MNQ1,22500,A002
01-04-2026,Q1,Invoice 2026MNQ1,Invoice,2026MNQ1,22500,A101
01-04-2026,Q1,Invoice 2026MNQ1,Invoice,2026MNQ1,22500,A102
01-04-2026,Q1,Invoice 2026MNQ1,Invoice,2026MNQ1,22500,A201
01-04-2026,Q1,Invoice 2026MNQ1,Invoice,2026MNQ1,22500,A202
01-04-2026,Q1,Invoice 2026MNQ1,Invoice,2026MNQ1,22500,A301
01-04-2026,Q1,Invoice 2026MNQ1,Invoice,2026MNQ1,22500,A302
01-04-2026,Q1,Invoice 2026MNQ1,Invoice,2026MNQ1,22500,B001
01-04-2026,Q1,Invoice 2026MNQ1,Invoice,2026MNQ1,22500,B002
01-04-2026,Q1,Invoice 2026MNQ1,Invoice,2026MNQ1,22500,B101
01-04-2026,Q1,Invoice 2026MNQ1,Invoice,2026MNQ1,22500,B102
01-04-2026,Q1,Invoice 2026MNQ1,Invoice,2026MNQ1,22500,B201
01-04-2026,Q1,Invoice 2026MNQ1,Invoice,2026MNQ1,22500,B202
01-04-2026,Q1,Invoice 2026MNQ1,Invoice,2026MNQ1,22500,B301
01-04-2026,Q1,Invoice 2026MNQ1,Invoice,2026MNQ1,22500,B302
01-04-2026,Q1,Invoice 2026MNQ1,Invoice,2026MNQ1,22500,C001
01-04-2026,Q1,Invoice 2026MNQ1,Invoice,2026MNQ1,19500,C002
01-04-2026,Q1,Invoice 2026MNQ1,Invoice,2026MNQ1,22500,C003
01-04-2026,Q1,Invoice 2026MNQ1,Invoice,2026MNQ1,22500,C101
01-04-2026,Q1,Invoice 2026MNQ1,Invoice,2026MNQ1,19500,C102
01-04-2026,Q1,Invoice 2026MNQ1,Invoice,2026MNQ1,22500,C103
01-04-2026,Q1,Invoice 2026MNQ1,Invoice,2026MNQ1,22500,C201
01-04-2026,Q1,Invoice 2026MNQ1,Invoice,2026MNQ1,19500,C202
01-04-2026,Q1,Invoice 2026MNQ1,Invoice,2026MNQ1,22500,C203
01-04-2026,Q1,Invoice 2026MNQ1,Invoice,2026MNQ1,22500,C301
01-04-2026,Q1,Invoice 2026MNQ1,Invoice,2026MNQ1,19500,C302
01-04-2026,Q1,Invoice 2026MNQ1,Invoice,2026MNQ1,22500,C303
01-04-2026,Q1,Invoice 2026MNQ1,Invoice,2026MNQ1,22500,D001
01-04-2026,Q1,Invoice 2026MNQ1,Invoice,2026MNQ1,19500,D002
01-04-2026,Q1,Invoice 2026MNQ1,Invoice,2026MNQ1,22500,D003
01-04-2026,Q1,Invoice 2026MNQ1,Invoice,2026MNQ1,22500,D101
01-04-2026,Q1,Invoice 2026MNQ1,Invoice,2026MNQ1,19500,D102
01-04-2026,Q1,Invoice 2026MNQ1,Invoice,2026MNQ1,22500,D103
01-04-2026,Q1,Invoice 2026MNQ1,Invoice,2026MNQ1,22500,D201
01-04-2026,Q1,Invoice 2026MNQ1,Invoice,2026MNQ1,19500,D202
01-04-2026,Q1,Invoice 2026MNQ1,Invoice,2026MNQ1,22500,D203
01-04-2026,Q1,Invoice 2026MNQ1,Invoice,2026MNQ1,22500,D301
01-04-2026,Q1,Invoice 2026MNQ1,Invoice,2026MNQ1,22500,D303
01-04-2026,Q1,Invoice 2026MNQ1,Invoice,2026MNQ1,22500,E001
01-04-2026,Q1,Invoice 2026MNQ1,Invoice,2026MNQ1,19500,E002
01-04-2026,Q1,Invoice 2026MNQ1,Invoice,2026MNQ1,22500,E101
01-04-2026,Q1,Invoice 2026MNQ1,Invoice,2026MNQ1,19500,E102
01-04-2026,Q1,Invoice 2026MNQ1,Invoice,2026MNQ1,22500,E201
01-04-2026,Q1,Invoice 2026MNQ1,Invoice,2026MNQ1,19500,E202
01-04-2026,Q1,Invoice 2026MNQ1,Invoice,2026MNQ1,22500,E301
01-04-2026,Q1,Invoice 2026MNQ1,Invoice,2026MNQ1,19500,E302
01-07-2026,Q1,Invoice 2026IMP,Invoice,2026IMP,11000,A001
01-07-2026,Q1,Invoice 2026IMP,Invoice,2026IMP,11000,A002
01-07-2026,Q1,Invoice 2026IMP,Invoice,2026IMP,11000,A101
01-07-2026,Q1,Invoice 2026IMP,Invoice,2026IMP,11000,A102
01-07-2026,Q1,Invoice 2026IMP,Invoice,2026IMP,11000,A201
01-07-2026,Q1,Invoice 2026IMP,Invoice,2026IMP,11000,A202
01-07-2026,Q1,Invoice 2026IMP,Invoice,2026IMP,11000,A301
01-07-2026,Q1,Invoice 2026IMP,Invoice,2026IMP,11000,A302
01-07-2026,Q1,Invoice 2026IMP,Invoice,2026IMP,11000,B001
01-07-2026,Q1,Invoice 2026IMP,Invoice,2026IMP,11000,B002
01-07-2026,Q1,Invoice 2026IMP,Invoice,2026IMP,11000,B101
01-07-2026,Q1,Invoice 2026IMP,Invoice,2026IMP,11000,B102
01-07-2026,Q1,Invoice 2026IMP,Invoice,2026IMP,11000,B201
01-07-2026,Q1,Invoice 2026IMP,Invoice,2026IMP,11000,B202
01-07-2026,Q1,Invoice 2026IMP,Invoice,2026IMP,11000,B301
01-07-2026,Q1,Invoice 2026IMP,Invoice,2026IMP,11000,B302
01-07-2026,Q1,Invoice 2026IMP,Invoice,2026IMP,11000,C001
01-07-2026,Q1,Invoice 2026IMP,Invoice,2026IMP,9900,C002
01-07-2026,Q1,Invoice 2026IMP,Invoice,2026IMP,11000,C003
01-07-2026,Q1,Invoice 2026IMP,Invoice,2026IMP,11000,C101
01-07-2026,Q1,Invoice 2026IMP,Invoice,2026IMP,9900,C102
01-07-2026,Q1,Invoice 2026IMP,Invoice,2026IMP,11000,C103
01-07-2026,Q1,Invoice 2026IMP,Invoice,2026IMP,11000,C201
01-07-2026,Q1,Invoice 2026IMP,Invoice,2026IMP,9900,C202
01-07-2026,Q1,Invoice 2026IMP,Invoice,2026IMP,11000,C203
01-07-2026,Q1,Invoice 2026IMP,Invoice,2026IMP,11000,C301
01-07-2026,Q1,Invoice 2026IMP,Invoice,2026IMP,9900,C302
01-07-2026,Q1,Invoice 2026IMP,Invoice,2026IMP,11000,C303
01-07-2026,Q1,Invoice 2026IMP,Invoice,2026IMP,11000,D001
01-07-2026,Q1,Invoice 2026IMP,Invoice,2026IMP,9900,D002
01-07-2026,Q1,Invoice 2026IMP,Invoice,2026IMP,11000,D003
01-07-2026,Q1,Invoice 2026IMP,Invoice,2026IMP,11000,D101
01-07-2026,Q1,Invoice 2026IMP,Invoice,2026IMP,9900,D102
01-07-2026,Q1,Invoice 2026IMP,Invoice,2026IMP,11000,D103
01-07-2026,Q1,Invoice 2026IMP,Invoice,2026IMP,11000,D201
01-07-2026,Q1,Invoice 2026IMP,Invoice,2026IMP,9900,D202
01-07-2026,Q1,Invoice 2026IMP,Invoice,2026IMP,11000,D203
01-07-2026,Q1,Invoice 2026IMP,Invoice,2026IMP,11000,D301
01-07-2026,Q1,Invoice 2026IMP,Invoice,2026IMP,11000,D303
01-07-2026,Q1,Invoice 2026IMP,Invoice,2026IMP,11000,E001
01-07-2026,Q1,Invoice 2026IMP,Invoice,2026IMP,9900,E002
01-07-2026,Q1,Invoice 2026IMP,Invoice,2026IMP,11000,E101
01-07-2026,Q1,Invoice 2026IMP,Invoice,2026IMP,9900,E102
01-07-2026,Q1,Invoice 2026IMP,Invoice,2026IMP,11000,E201
01-07-2026,Q1,Invoice 2026IMP,Invoice,2026IMP,9900,E202
01-07-2026,Q1,Invoice 2026IMP,Invoice,2026IMP,11000,E301
01-07-2026,Q1,Invoice 2026IMP,Invoice,2026IMP,9900,E302
01-08-2026,Q1,Invoice 2026LTF,Invoice,2026LTF,5000,C202
08-07-2026,Q2,MOB-IMPS-CR/NISHITH KU/The State /20064474365/B101 Qtr 1/7204000407/08/07/2026 19:48:30/618919847630,Payment,2025MN4,25500,B101
08-07-2026,Q2,MOB-IMPS-CR/NISHITH KU/The State /20064474365/B101 Q2 Ma/7204000407/08/07/2026 19:51:01/618919849599,Payment,2026MN2IMP,22500,B101
08-07-2026,Q2,NEFT Cr-HSBCN18965114977-HSBC0560002-MR ABHISHEK REDDY--/ACC/NEFT,Payment,2026MN2IMP,26833,D103
09-07-2026,Q2,INET-IMPS-CR/NISHITH KU/The State /20064474365/B101 Balan/7204000407/09/07/2026 08:13:20/619008533985,Payment,2026MN2IMP,15334,B101
09-07-2026,Q2,"By Clg:CHN ACCT SEC-BANK OF INDIA (BOI), VISHNU",Payment,2026MN2IMP,22500,C302
09-07-2026,Q2,NEFT Cr-SBIN326190441325-SBIN0016493-P S PRASAD--/ATTN/,Payment,2026MN2IMP,22500,A202
10-07-2026,Q2,NEFT Cr-AXOMB19102011811-UTIB0004163-VISHRAM  MARATHE-,Payment,2026MN2IMP,32060,C002
10-07-2026,Q2,NEFT Cr-SBIN326191974929-SBIN0016493-P S PRASAD--/ATTN/,Payment,2026MN2IMP,4334,A202
10-07-2026,Q2,NEFT Cr-SBIN426191006966-SBIN0016493-P S PRASAD--/ATTN/,Payment,2026IMP,11000,A202
10-07-2026,Q2,"By Clg:CHN ACCT SEC-BANK OF MAHARASHTRA (BOM), SONALEE ARVIND",Payment,2026MN2IMP,23334,D201
10-07-2026,Q2,"By Clg:CHN ACCT SEC-BANK OF INDIA (BOI), VISHNU",Payment,2026MN2IMP,8300,C302
19-07-2026,Q2,NEFT Cr-HSBCN20068006762-HSBC0560002-MR ABHISHEK REDDY--/ACC/NEFT,Payment,2026IMP,11000,D103
24-07-2026,Q2,UPI/CR/620522036314/ADARSH SR/ICIC/**57463@ptaxis/Moving o//PTM6F9AA06F95C54629878F0CF5AC30CB36/24/07/2026 17:21:22,Payment,2026MISC,3000,XXXX
01-07-2026,Q2,INET-IMPS-CR/AVINASH GO/ICICI Bank/055201500750/IMPS Trans/9742233730/01/07/2026 11:52:27/618211184300,Payment,2026MN1MN2MN3MN4IMPSPC,131500,A301
01-07-2026,Q2,NEFT Cr-IN12618244078417-ICIC0SF0002-DILIP JOSE P--D002MAINTFY2627,Payment,2026MN1MN2MN3MN4IMPSPC,124330,D002
02-07-2026,Q2,UPI/CR/935876174500/SHAH  ALAM/SBIN/**ofsbi@ybl/Payment //YBL4b19d5d185de4ba19cd0325f58d9d819/02/07/2026 08:20:45,Payment,2026MN1MN2MN3MN4IMPSPC,75000,D001
02-07-2026,Q2,UPI/CR/955085583377/SHAH ALAM/BARB/**97739@axl/Payment //AXLc84e5e8e058c48399a375d31871451ca/02/07/2026 08:21:58,Payment,2026MN1MN2MN3MN4IMPSPC,56500,D001
02-07-2026,Q2,NEFT Cr-SBIN526183523249-SBIN0003301-THOMAS RONY MATHEW--/ATTN/,Payment,2026MN1MN2MN3MN4IMPSPC,131500,B001
03-07-2026,Q2,MOB-IMPS-CR/MURLI RAGH/KMB       /8879553017/KKBKTransf/8879553017/03/07/2026 12:28:51/618412480117,Payment,2026MN1MN2MN3MN4IMPSPC,131500,C301
09-07-2026,Q2,NEFT Cr-FDRLM8190468903-FDRL0000037-ARUNA GEORGE--//Info1/-//-//,Payment,2026MN1MN2MN3MN4IMPSPC,131500,A201
09-07-2026,Q2,INET-IMPS-CR/ABRAHAM PR/AXIS BANK /913010008879725/IMPS/9845804120/09/07/2026 21:37:13/619021142166,Payment,2026MN1MN2MN3MN4IMPSPC,122410,E102
30-06-2026,Q1,NEFT Cr-HSBCN18161603062-HSBC0560002-MS MANJULA KRISHNA--/ACC/NEFT,Payment,2026MN2IMP,37834,B201
30-06-2026,Q1,NEFT Cr-HSBCN18161606887-HSBC0560002-MS MANJULA KRISHNA--/ACC/NEFT,Payment,2026MN2IMP,37834,B202
01-07-2026,Q2,MOB-IMPS-CR/UMAKANTHAN/ICICI Bank/005101001788/Maintenanc/9998987115/01/07/2026 09:36:37/618209712098,Payment,2026MN2IMP,37834,C101
01-07-2026,Q2,NEFT Cr-HDFCH01092838069-HDFC0000001-NARESH BABU SUNKARA--0001-Maintenance for A1,Payment,2026MN2IMP,37834,A101
01-07-2026,Q2,UPI/CR/211013317632/PRIYANKSA/ICIC/**07632@upi/Q2//UPIc42fcbbcc11550e58c52a418e774a0cd/01/07/2026 21:10:13,Payment,2026MN2IMP,37834,A001
03-07-2026,Q2,NEFT Cr-AXSK261840013282-UTIB0000052-BRITISH BIOLOGICALS PRIVATE LIMITED-,Payment,2026MN2IMP,33430,D202
03-07-2026,Q2,NEFT Cr-AXOMB18402146202-UTIB0005157-APPACHU KARUMBAIAH K S--Others-Apartment maintenance,Payment,2026MN2IMP,37834,C001
03-07-2026,Q2,NEFT Cr-HDFCH01101001828-HDFC0000001-A SRINIVASU--0001-A302 maintenance,Payment,2026MN2IMP,37834,A302
05-07-2026,Q2,NEFT Cr-HDFCH01104826465-HDFC0000001-K SUREKHA SRIDHAR--0001-D 303 Maintenance,Payment,2026MN2IMP,37834,D303
07-07-2026,Q2,NEFT Cr-SBIN526188263559-SBIN0014951-P S NARAYANA RAO--/ATTN/,Payment,2026MN2IMP,37834,E201
08-07-2026,Q2,MOB-IMPS-CR/SUSHMA RAN/IndusInd B/152408198000/P2AMOB/0000000000/08/07/2026 12:00:15/618912712239,Payment,2026MN2IMP,37834,B302
08-07-2026,Q2,NEFT Cr-IN12618945669471-ICIC0SF0002-JAYARAMAN SUSILA--Q2MAINTENANCE26,Payment,2026MN2IMP,37834,E301
08-07-2026,Q2,NEFT Cr-KKBKH26189774135-KKBK0000958-PRIYA NATARAJAN--Payment,Payment,2026MN2IMP,37834,A102
08-07-2026,Q2,INET-IMPS-CR/SKANDAN V/HDFCBANKLT/50100284365485/IMPS trans/8147986900/08/07/2026 13:31:25/618943793555,Payment,2026MN2IMP,37834,D203
08-07-2026,Q2,NEFT Cr-IN12618945721353-ICIC0SF0002-DEEPIKA GIRI--C102 CHARTERED CORONET,Payment,2026MN2IMP,33970,C102
08-07-2026,Q2,NEFT Cr-HDFCH01115707047-HDFC0000001-A L KRISHNAN--0001-payment from D003,Payment,2026MN2IMP,37834,D003
09-07-2026,Q2,NEFT Cr-IN12619045847789-ICIC0SF0002-ASHOK BABUBHAI AMIN--B102 ASHOK AMIN MMC IMPREST26,Payment,2026MN2IMP,37834,B102
09-07-2026,Q2,"By Clg:CHN ACCT SEC-INDIAN OVERSEAS BANK (IOB), AB SAI PRASAD",Payment,2026MN2IMP,33910,D102
09-07-2026,Q2,UPI/CR/774408160404/NATARAJAN/HDFC/**96740@pz/E101 Q2 //PAZ9e38ca1e75fc4585b3e2735c71a3d3a7/09/07/2026 21:11:09,Payment,2026MN2IMP,37834,E101
10-07-2026,Q2,NEFT Cr-HDFCH01118796579-HDFC0000240-BHASKAR ROY--0001,Payment,2026MN2IMP,37834,D101
10-07-2026,Q2,IB IFT 45919500 0792118003910 VIJAYA R VASU   OTH-Q2maintenanceImprestSpecialCollection,Payment,2026MN2IMP,37834,B002
10-07-2026,Q2,"By Clg:CHN ACCT SEC-INDIAN OVERSEAS BANK (IOB), AB SAI",Payment,2026MN2IMP,33910,D102
10-07-2026,Q2,MOB-IMPS-CR/GRANDHI JA/IDFC BANK /10063279756/C303MAINTE/8748818715/10/07/2026 19:38:14/619119339249,Payment,2026MN2IMP,37834,C303
11-07-2026,Q2,INET-IMPS-CR/RAJAGOPAL/ICICI Bank/005101509248/C203rajago/9892500378/11/07/2026 12:33:48/619212645838,Payment,2026MN2IMP,37834,C203
12-07-2026,Q2,NEFT Cr-IN12619346236663-ICIC0SF0002-INJARAPU SESHAGIRI RAO--E001CORONET,Payment,2026MN2IMP,37834,E001
24-07-2026,Q2,UPI/CR/620545602919/PANKAJ KU/SBIN/**201-1@oksbi/c201 mai//SBIc0ada724387d49458083e36aee8bc451/24/07/2026 20:26:07,Payment,2026MN2IMP,33501,C201
01-04-2026,Q1,2025 carry forward B301 (not in bank stmt),Payment,2025CFW,85878,B301
01-07-2026,Q2,Invoice 2026MNQ2,Invoice,2026MNQ2,26834,A001
01-07-2026,Q2,Invoice 2026MNQ2,Invoice,2026MNQ2,26834,A002
01-07-2026,Q2,Invoice 2026MNQ2,Invoice,2026MNQ2,26834,A101
01-07-2026,Q2,Invoice 2026MNQ2,Invoice,2026MNQ2,26834,A102
01-07-2026,Q2,Invoice 2026MNQ2,Invoice,2026MNQ2,26834,A201
01-07-2026,Q2,Invoice 2026MNQ2,Invoice,2026MNQ2,26834,A202
01-07-2026,Q2,Invoice 2026MNQ2,Invoice,2026MNQ2,26834,A301
01-07-2026,Q2,Invoice 2026MNQ2,Invoice,2026MNQ2,26834,A302
01-07-2026,Q2,Invoice 2026MNQ2,Invoice,2026MNQ2,26834,B001
01-07-2026,Q2,Invoice 2026MNQ2,Invoice,2026MNQ2,26834,B002
01-07-2026,Q2,Invoice 2026MNQ2,Invoice,2026MNQ2,26834,B101
01-07-2026,Q2,Invoice 2026MNQ2,Invoice,2026MNQ2,26834,B102
01-07-2026,Q2,Invoice 2026MNQ2,Invoice,2026MNQ2,26834,B201
01-07-2026,Q2,Invoice 2026MNQ2,Invoice,2026MNQ2,26834,B202
01-07-2026,Q2,Invoice 2026MNQ2,Invoice,2026MNQ2,26834,B301
01-07-2026,Q2,Invoice 2026MNQ2,Invoice,2026MNQ2,26834,B302
01-07-2026,Q2,Invoice 2026MNQ2,Invoice,2026MNQ2,26834,C001
01-07-2026,Q2,Invoice 2026MNQ2,Invoice,2026MNQ2,24400,C002
01-07-2026,Q2,Invoice 2026MNQ2,Invoice,2026MNQ2,26834,C003
01-07-2026,Q2,Invoice 2026MNQ2,Invoice,2026MNQ2,26834,C101
01-07-2026,Q2,Invoice 2026MNQ2,Invoice,2026MNQ2,24400,C102
01-07-2026,Q2,Invoice 2026MNQ2,Invoice,2026MNQ2,26834,C103
01-07-2026,Q2,Invoice 2026MNQ2,Invoice,2026MNQ2,26834,C201
01-07-2026,Q2,Invoice 2026MNQ2,Invoice,2026MNQ2,24400,C202
01-07-2026,Q2,Invoice 2026MNQ2,Invoice,2026MNQ2,26834,C203
01-07-2026,Q2,Invoice 2026MNQ2,Invoice,2026MNQ2,26834,C301
01-07-2026,Q2,Invoice 2026MNQ2,Invoice,2026MNQ2,24400,C302
01-07-2026,Q2,Invoice 2026MNQ2,Invoice,2026MNQ2,26834,C303
01-07-2026,Q2,Invoice 2026MNQ2,Invoice,2026MNQ2,26834,D001
01-07-2026,Q2,Invoice 2026MNQ2,Invoice,2026MNQ2,24400,D002
01-07-2026,Q2,Invoice 2026MNQ2,Invoice,2026MNQ2,26834,D003
01-07-2026,Q2,Invoice 2026MNQ2,Invoice,2026MNQ2,26834,D101
01-07-2026,Q2,Invoice 2026MNQ2,Invoice,2026MNQ2,24400,D102
01-07-2026,Q2,Invoice 2026MNQ2,Invoice,2026MNQ2,26834,D103
01-07-2026,Q2,Invoice 2026MNQ2,Invoice,2026MNQ2,26834,D201
01-07-2026,Q2,Invoice 2026MNQ2,Invoice,2026MNQ2,24400,D202
01-07-2026,Q2,Invoice 2026MNQ2,Invoice,2026MNQ2,26834,D203
01-07-2026,Q2,Invoice 2026MNQ2,Invoice,2026MNQ2,26834,D301
01-07-2026,Q2,Invoice 2026MNQ2,Invoice,2026MNQ2,26834,D303
01-07-2026,Q2,Invoice 2026MNQ2,Invoice,2026MNQ2,26834,E001
01-07-2026,Q2,Invoice 2026MNQ2,Invoice,2026MNQ2,24400,E002
01-07-2026,Q2,Invoice 2026MNQ2,Invoice,2026MNQ2,26834,E101
01-07-2026,Q2,Invoice 2026MNQ2,Invoice,2026MNQ2,24400,E102
01-07-2026,Q2,Invoice 2026MNQ2,Invoice,2026MNQ2,26834,E201
01-07-2026,Q2,Invoice 2026MNQ2,Invoice,2026MNQ2,24400,E202
01-07-2026,Q2,Invoice 2026MNQ2,Invoice,2026MNQ2,26834,E301
01-07-2026,Q2,Invoice 2026MNQ2,Invoice,2026MNQ2,24400,E302
01-10-2026,Q3,Invoice 2026MNQ3,Invoice,2026MNQ3,26833,A001
01-10-2026,Q3,Invoice 2026MNQ3,Invoice,2026MNQ3,26833,A002
01-10-2026,Q3,Invoice 2026MNQ3,Invoice,2026MNQ3,26833,A101
01-10-2026,Q3,Invoice 2026MNQ3,Invoice,2026MNQ3,26833,A102
01-10-2026,Q3,Invoice 2026MNQ3,Invoice,2026MNQ3,26833,A201
01-10-2026,Q3,Invoice 2026MNQ3,Invoice,2026MNQ3,26833,A202
01-10-2026,Q3,Invoice 2026MNQ3,Invoice,2026MNQ3,26833,A301
01-10-2026,Q3,Invoice 2026MNQ3,Invoice,2026MNQ3,26833,A302
01-10-2026,Q3,Invoice 2026MNQ3,Invoice,2026MNQ3,26833,B001
01-10-2026,Q3,Invoice 2026MNQ3,Invoice,2026MNQ3,26833,B002
01-10-2026,Q3,Invoice 2026MNQ3,Invoice,2026MNQ3,26833,B101
01-10-2026,Q3,Invoice 2026MNQ3,Invoice,2026MNQ3,26833,B102
01-10-2026,Q3,Invoice 2026MNQ3,Invoice,2026MNQ3,26833,B201
01-10-2026,Q3,Invoice 2026MNQ3,Invoice,2026MNQ3,26833,B202
01-10-2026,Q3,Invoice 2026MNQ3,Invoice,2026MNQ3,26833,B301
01-10-2026,Q3,Invoice 2026MNQ3,Invoice,2026MNQ3,26833,B302
01-10-2026,Q3,Invoice 2026MNQ3,Invoice,2026MNQ3,26833,C001
01-10-2026,Q3,Invoice 2026MNQ3,Invoice,2026MNQ3,24400,C002
01-10-2026,Q3,Invoice 2026MNQ3,Invoice,2026MNQ3,26833,C003
01-10-2026,Q3,Invoice 2026MNQ3,Invoice,2026MNQ3,26833,C101
01-10-2026,Q3,Invoice 2026MNQ3,Invoice,2026MNQ3,24400,C102
01-10-2026,Q3,Invoice 2026MNQ3,Invoice,2026MNQ3,26833,C103
01-10-2026,Q3,Invoice 2026MNQ3,Invoice,2026MNQ3,26833,C201
01-10-2026,Q3,Invoice 2026MNQ3,Invoice,2026MNQ3,24400,C202
01-10-2026,Q3,Invoice 2026MNQ3,Invoice,2026MNQ3,26833,C203
01-10-2026,Q3,Invoice 2026MNQ3,Invoice,2026MNQ3,26833,C301
01-10-2026,Q3,Invoice 2026MNQ3,Invoice,2026MNQ3,24400,C302
01-10-2026,Q3,Invoice 2026MNQ3,Invoice,2026MNQ3,26833,C303
01-10-2026,Q3,Invoice 2026MNQ3,Invoice,2026MNQ3,26833,D001
01-10-2026,Q3,Invoice 2026MNQ3,Invoice,2026MNQ3,24400,D002
01-10-2026,Q3,Invoice 2026MNQ3,Invoice,2026MNQ3,26833,D003
01-10-2026,Q3,Invoice 2026MNQ3,Invoice,2026MNQ3,26833,D101
01-10-2026,Q3,Invoice 2026MNQ3,Invoice,2026MNQ3,24400,D102
01-10-2026,Q3,Invoice 2026MNQ3,Invoice,2026MNQ3,26833,D103
01-10-2026,Q3,Invoice 2026MNQ3,Invoice,2026MNQ3,26833,D201
01-10-2026,Q3,Invoice 2026MNQ3,Invoice,2026MNQ3,24400,D202
01-10-2026,Q3,Invoice 2026MNQ3,Invoice,2026MNQ3,26833,D203
01-10-2026,Q3,Invoice 2026MNQ3,Invoice,2026MNQ3,26833,D301
01-10-2026,Q3,Invoice 2026MNQ3,Invoice,2026MNQ3,26833,D303
01-10-2026,Q3,Invoice 2026MNQ3,Invoice,2026MNQ3,26833,E001
01-10-2026,Q3,Invoice 2026MNQ3,Invoice,2026MNQ3,24400,E002
01-10-2026,Q3,Invoice 2026MNQ3,Invoice,2026MNQ3,26833,E101
01-10-2026,Q3,Invoice 2026MNQ3,Invoice,2026MNQ3,24400,E102
01-10-2026,Q3,Invoice 2026MNQ3,Invoice,2026MNQ3,26833,E201
01-10-2026,Q3,Invoice 2026MNQ3,Invoice,2026MNQ3,24400,E202
01-10-2026,Q3,Invoice 2026MNQ3,Invoice,2026MNQ3,26833,E301
01-10-2026,Q3,Invoice 2026MNQ3,Invoice,2026MNQ3,24400,E302
01-01-2027,Q4,Invoice 2026MNQ4,Invoice,2026MNQ4,26833,A001
01-01-2027,Q4,Invoice 2026MNQ4,Invoice,2026MNQ4,26833,A002
01-01-2027,Q4,Invoice 2026MNQ4,Invoice,2026MNQ4,26833,A101
01-01-2027,Q4,Invoice 2026MNQ4,Invoice,2026MNQ4,26833,A102
01-01-2027,Q4,Invoice 2026MNQ4,Invoice,2026MNQ4,26833,A201
01-01-2027,Q4,Invoice 2026MNQ4,Invoice,2026MNQ4,26833,A202
01-01-2027,Q4,Invoice 2026MNQ4,Invoice,2026MNQ4,26833,A301
01-01-2027,Q4,Invoice 2026MNQ4,Invoice,2026MNQ4,26833,A302
01-01-2027,Q4,Invoice 2026MNQ4,Invoice,2026MNQ4,26833,B001
01-01-2027,Q4,Invoice 2026MNQ4,Invoice,2026MNQ4,26833,B002
01-01-2027,Q4,Invoice 2026MNQ4,Invoice,2026MNQ4,26833,B101
01-01-2027,Q4,Invoice 2026MNQ4,Invoice,2026MNQ4,26833,B102
01-01-2027,Q4,Invoice 2026MNQ4,Invoice,2026MNQ4,26833,B201
01-01-2027,Q4,Invoice 2026MNQ4,Invoice,2026MNQ4,26833,B202
01-01-2027,Q4,Invoice 2026MNQ4,Invoice,2026MNQ4,26833,B301
01-01-2027,Q4,Invoice 2026MNQ4,Invoice,2026MNQ4,26833,B302
01-01-2027,Q4,Invoice 2026MNQ4,Invoice,2026MNQ4,26833,C001
01-01-2027,Q4,Invoice 2026MNQ4,Invoice,2026MNQ4,24400,C002
01-01-2027,Q4,Invoice 2026MNQ4,Invoice,2026MNQ4,26833,C003
01-01-2027,Q4,Invoice 2026MNQ4,Invoice,2026MNQ4,26833,C101
01-01-2027,Q4,Invoice 2026MNQ4,Invoice,2026MNQ4,24400,C102
01-01-2027,Q4,Invoice 2026MNQ4,Invoice,2026MNQ4,26833,C103
01-01-2027,Q4,Invoice 2026MNQ4,Invoice,2026MNQ4,26833,C201
01-01-2027,Q4,Invoice 2026MNQ4,Invoice,2026MNQ4,24400,C202
01-01-2027,Q4,Invoice 2026MNQ4,Invoice,2026MNQ4,26833,C203
01-01-2027,Q4,Invoice 2026MNQ4,Invoice,2026MNQ4,26833,C301
01-01-2027,Q4,Invoice 2026MNQ4,Invoice,2026MNQ4,24400,C302
01-01-2027,Q4,Invoice 2026MNQ4,Invoice,2026MNQ4,26833,C303
01-01-2027,Q4,Invoice 2026MNQ4,Invoice,2026MNQ4,26833,D001
01-01-2027,Q4,Invoice 2026MNQ4,Invoice,2026MNQ4,24400,D002
01-01-2027,Q4,Invoice 2026MNQ4,Invoice,2026MNQ4,26833,D003
01-01-2027,Q4,Invoice 2026MNQ4,Invoice,2026MNQ4,26833,D101
01-01-2027,Q4,Invoice 2026MNQ4,Invoice,2026MNQ4,24400,D102
01-01-2027,Q4,Invoice 2026MNQ4,Invoice,2026MNQ4,26833,D103
01-01-2027,Q4,Invoice 2026MNQ4,Invoice,2026MNQ4,26833,D201
01-01-2027,Q4,Invoice 2026MNQ4,Invoice,2026MNQ4,24400,D202
01-01-2027,Q4,Invoice 2026MNQ4,Invoice,2026MNQ4,26833,D203
01-01-2027,Q4,Invoice 2026MNQ4,Invoice,2026MNQ4,26833,D301
01-01-2027,Q4,Invoice 2026MNQ4,Invoice,2026MNQ4,26833,D303
01-01-2027,Q4,Invoice 2026MNQ4,Invoice,2026MNQ4,26833,E001
01-01-2027,Q4,Invoice 2026MNQ4,Invoice,2026MNQ4,24400,E002
01-01-2027,Q4,Invoice 2026MNQ4,Invoice,2026MNQ4,26833,E101
01-01-2027,Q4,Invoice 2026MNQ4,Invoice,2026MNQ4,24400,E102
01-01-2027,Q4,Invoice 2026MNQ4,Invoice,2026MNQ4,26833,E201
01-01-2027,Q4,Invoice 2026MNQ4,Invoice,2026MNQ4,24400,E202
01-01-2027,Q4,Invoice 2026MNQ4,Invoice,2026MNQ4,26833,E301
01-01-2027,Q4,Invoice 2026MNQ4,Invoice,2026MNQ4,24400,E302
01-08-2026,Q2,Invoice 2026SPC_Aug,Invoice,2026SPC_Aug,10000,A001
01-08-2026,Q2,Invoice 2026SPC_Aug,Invoice,2026SPC_Aug,10000,A002
01-08-2026,Q2,Invoice 2026SPC_Aug,Invoice,2026SPC_Aug,10000,A101
01-08-2026,Q2,Invoice 2026SPC_Aug,Invoice,2026SPC_Aug,10000,A102
01-08-2026,Q2,Invoice 2026SPC_Aug,Invoice,2026SPC_Aug,10000,A201
01-08-2026,Q2,Invoice 2026SPC_Aug,Invoice,2026SPC_Aug,10000,A202
01-08-2026,Q2,Invoice 2026SPC_Aug,Invoice,2026SPC_Aug,10000,A301
01-08-2026,Q2,Invoice 2026SPC_Aug,Invoice,2026SPC_Aug,10000,A302
01-08-2026,Q2,Invoice 2026SPC_Aug,Invoice,2026SPC_Aug,10000,B001
01-08-2026,Q2,Invoice 2026SPC_Aug,Invoice,2026SPC_Aug,10000,B002
01-08-2026,Q2,Invoice 2026SPC_Aug,Invoice,2026SPC_Aug,10000,B101
01-08-2026,Q2,Invoice 2026SPC_Aug,Invoice,2026SPC_Aug,10000,B102
01-08-2026,Q2,Invoice 2026SPC_Aug,Invoice,2026SPC_Aug,10000,B201
01-08-2026,Q2,Invoice 2026SPC_Aug,Invoice,2026SPC_Aug,10000,B202
01-08-2026,Q2,Invoice 2026SPC_Aug,Invoice,2026SPC_Aug,10000,B301
01-08-2026,Q2,Invoice 2026SPC_Aug,Invoice,2026SPC_Aug,10000,B302
01-08-2026,Q2,Invoice 2026SPC_Aug,Invoice,2026SPC_Aug,10000,C001
01-08-2026,Q2,Invoice 2026SPC_Aug,Invoice,2026SPC_Aug,10000,C002
01-08-2026,Q2,Invoice 2026SPC_Aug,Invoice,2026SPC_Aug,10000,C003
01-08-2026,Q2,Invoice 2026SPC_Aug,Invoice,2026SPC_Aug,10000,C101
01-08-2026,Q2,Invoice 2026SPC_Aug,Invoice,2026SPC_Aug,10000,C102
01-08-2026,Q2,Invoice 2026SPC_Aug,Invoice,2026SPC_Aug,10000,C103
01-08-2026,Q2,Invoice 2026SPC_Aug,Invoice,2026SPC_Aug,10000,C201
01-08-2026,Q2,Invoice 2026SPC_Aug,Invoice,2026SPC_Aug,10000,C202
01-08-2026,Q2,Invoice 2026SPC_Aug,Invoice,2026SPC_Aug,10000,C203
01-08-2026,Q2,Invoice 2026SPC_Aug,Invoice,2026SPC_Aug,10000,C301
01-08-2026,Q2,Invoice 2026SPC_Aug,Invoice,2026SPC_Aug,10000,C302
01-08-2026,Q2,Invoice 2026SPC_Aug,Invoice,2026SPC_Aug,10000,C303
01-08-2026,Q2,Invoice 2026SPC_Aug,Invoice,2026SPC_Aug,10000,D001
01-08-2026,Q2,Invoice 2026SPC_Aug,Invoice,2026SPC_Aug,10000,D002
01-08-2026,Q2,Invoice 2026SPC_Aug,Invoice,2026SPC_Aug,10000,D003
01-08-2026,Q2,Invoice 2026SPC_Aug,Invoice,2026SPC_Aug,10000,D101
01-08-2026,Q2,Invoice 2026SPC_Aug,Invoice,2026SPC_Aug,10000,D102
01-08-2026,Q2,Invoice 2026SPC_Aug,Invoice,2026SPC_Aug,10000,D103
01-08-2026,Q2,Invoice 2026SPC_Aug,Invoice,2026SPC_Aug,10000,D201
01-08-2026,Q2,Invoice 2026SPC_Aug,Invoice,2026SPC_Aug,10000,D202
01-08-2026,Q2,Invoice 2026SPC_Aug,Invoice,2026SPC_Aug,10000,D203
01-08-2026,Q2,Invoice 2026SPC_Aug,Invoice,2026SPC_Aug,10000,D301
01-08-2026,Q2,Invoice 2026SPC_Aug,Invoice,2026SPC_Aug,10000,D303
01-08-2026,Q2,Invoice 2026SPC_Aug,Invoice,2026SPC_Aug,10000,E001
01-08-2026,Q2,Invoice 2026SPC_Aug,Invoice,2026SPC_Aug,10000,E002
01-08-2026,Q2,Invoice 2026SPC_Aug,Invoice,2026SPC_Aug,10000,E101
01-08-2026,Q2,Invoice 2026SPC_Aug,Invoice,2026SPC_Aug,10000,E102
01-08-2026,Q2,Invoice 2026SPC_Aug,Invoice,2026SPC_Aug,10000,E201
01-08-2026,Q2,Invoice 2026SPC_Aug,Invoice,2026SPC_Aug,10000,E202
01-08-2026,Q2,Invoice 2026SPC_Aug,Invoice,2026SPC_Aug,10000,E301
01-08-2026,Q2,Invoice 2026SPC_Aug,Invoice,2026SPC_Aug,10000,E302
01-09-2026,Q2,Invoice 2026SPC_Sep,Invoice,2026SPC_Sep,10000,A001
01-09-2026,Q2,Invoice 2026SPC_Sep,Invoice,2026SPC_Sep,10000,A002
01-09-2026,Q2,Invoice 2026SPC_Sep,Invoice,2026SPC_Sep,10000,A101
01-09-2026,Q2,Invoice 2026SPC_Sep,Invoice,2026SPC_Sep,10000,A102
01-09-2026,Q2,Invoice 2026SPC_Sep,Invoice,2026SPC_Sep,10000,A201
01-09-2026,Q2,Invoice 2026SPC_Sep,Invoice,2026SPC_Sep,10000,A202
01-09-2026,Q2,Invoice 2026SPC_Sep,Invoice,2026SPC_Sep,10000,A301
01-09-2026,Q2,Invoice 2026SPC_Sep,Invoice,2026SPC_Sep,10000,A302
01-09-2026,Q2,Invoice 2026SPC_Sep,Invoice,2026SPC_Sep,10000,B001
01-09-2026,Q2,Invoice 2026SPC_Sep,Invoice,2026SPC_Sep,10000,B002
01-09-2026,Q2,Invoice 2026SPC_Sep,Invoice,2026SPC_Sep,10000,B101
01-09-2026,Q2,Invoice 2026SPC_Sep,Invoice,2026SPC_Sep,10000,B102
01-09-2026,Q2,Invoice 2026SPC_Sep,Invoice,2026SPC_Sep,10000,B201
01-09-2026,Q2,Invoice 2026SPC_Sep,Invoice,2026SPC_Sep,10000,B202
01-09-2026,Q2,Invoice 2026SPC_Sep,Invoice,2026SPC_Sep,10000,B301
01-09-2026,Q2,Invoice 2026SPC_Sep,Invoice,2026SPC_Sep,10000,B302
01-09-2026,Q2,Invoice 2026SPC_Sep,Invoice,2026SPC_Sep,10000,C001
01-09-2026,Q2,Invoice 2026SPC_Sep,Invoice,2026SPC_Sep,10000,C002
01-09-2026,Q2,Invoice 2026SPC_Sep,Invoice,2026SPC_Sep,10000,C003
01-09-2026,Q2,Invoice 2026SPC_Sep,Invoice,2026SPC_Sep,10000,C101
01-09-2026,Q2,Invoice 2026SPC_Sep,Invoice,2026SPC_Sep,10000,C102
01-09-2026,Q2,Invoice 2026SPC_Sep,Invoice,2026SPC_Sep,10000,C103
01-09-2026,Q2,Invoice 2026SPC_Sep,Invoice,2026SPC_Sep,10000,C201
01-09-2026,Q2,Invoice 2026SPC_Sep,Invoice,2026SPC_Sep,10000,C202
01-09-2026,Q2,Invoice 2026SPC_Sep,Invoice,2026SPC_Sep,10000,C203
01-09-2026,Q2,Invoice 2026SPC_Sep,Invoice,2026SPC_Sep,10000,C301
01-09-2026,Q2,Invoice 2026SPC_Sep,Invoice,2026SPC_Sep,10000,C302
01-09-2026,Q2,Invoice 2026SPC_Sep,Invoice,2026SPC_Sep,10000,C303
01-09-2026,Q2,Invoice 2026SPC_Sep,Invoice,2026SPC_Sep,10000,D001
01-09-2026,Q2,Invoice 2026SPC_Sep,Invoice,2026SPC_Sep,10000,D002
01-09-2026,Q2,Invoice 2026SPC_Sep,Invoice,2026SPC_Sep,10000,D003
01-09-2026,Q2,Invoice 2026SPC_Sep,Invoice,2026SPC_Sep,10000,D101
01-09-2026,Q2,Invoice 2026SPC_Sep,Invoice,2026SPC_Sep,10000,D102
01-09-2026,Q2,Invoice 2026SPC_Sep,Invoice,2026SPC_Sep,10000,D103
01-09-2026,Q2,Invoice 2026SPC_Sep,Invoice,2026SPC_Sep,10000,D201
01-09-2026,Q2,Invoice 2026SPC_Sep,Invoice,2026SPC_Sep,10000,D202
01-09-2026,Q2,Invoice 2026SPC_Sep,Invoice,2026SPC_Sep,10000,D203
01-09-2026,Q2,Invoice 2026SPC_Sep,Invoice,2026SPC_Sep,10000,D301
01-09-2026,Q2,Invoice 2026SPC_Sep,Invoice,2026SPC_Sep,10000,D303
01-09-2026,Q2,Invoice 2026SPC_Sep,Invoice,2026SPC_Sep,10000,E001
01-09-2026,Q2,Invoice 2026SPC_Sep,Invoice,2026SPC_Sep,10000,E002
01-09-2026,Q2,Invoice 2026SPC_Sep,Invoice,2026SPC_Sep,10000,E101
01-09-2026,Q2,Invoice 2026SPC_Sep,Invoice,2026SPC_Sep,10000,E102
01-09-2026,Q2,Invoice 2026SPC_Sep,Invoice,2026SPC_Sep,10000,E201
01-09-2026,Q2,Invoice 2026SPC_Sep,Invoice,2026SPC_Sep,10000,E202
01-09-2026,Q2,Invoice 2026SPC_Sep,Invoice,2026SPC_Sep,10000,E301
01-09-2026,Q2,Invoice 2026SPC_Sep,Invoice,2026SPC_Sep,10000,E302
01-10-2026,Q3,Invoice 2026SPC_Oct,Invoice,2026SPC_Oct,10000,A001
01-10-2026,Q3,Invoice 2026SPC_Oct,Invoice,2026SPC_Oct,10000,A002
01-10-2026,Q3,Invoice 2026SPC_Oct,Invoice,2026SPC_Oct,10000,A101
01-10-2026,Q3,Invoice 2026SPC_Oct,Invoice,2026SPC_Oct,10000,A102
01-10-2026,Q3,Invoice 2026SPC_Oct,Invoice,2026SPC_Oct,10000,A201
01-10-2026,Q3,Invoice 2026SPC_Oct,Invoice,2026SPC_Oct,10000,A202
01-10-2026,Q3,Invoice 2026SPC_Oct,Invoice,2026SPC_Oct,10000,A301
01-10-2026,Q3,Invoice 2026SPC_Oct,Invoice,2026SPC_Oct,10000,A302
01-10-2026,Q3,Invoice 2026SPC_Oct,Invoice,2026SPC_Oct,10000,B001
01-10-2026,Q3,Invoice 2026SPC_Oct,Invoice,2026SPC_Oct,10000,B002
01-10-2026,Q3,Invoice 2026SPC_Oct,Invoice,2026SPC_Oct,10000,B101
01-10-2026,Q3,Invoice 2026SPC_Oct,Invoice,2026SPC_Oct,10000,B102
01-10-2026,Q3,Invoice 2026SPC_Oct,Invoice,2026SPC_Oct,10000,B201
01-10-2026,Q3,Invoice 2026SPC_Oct,Invoice,2026SPC_Oct,10000,B202
01-10-2026,Q3,Invoice 2026SPC_Oct,Invoice,2026SPC_Oct,10000,B301
01-10-2026,Q3,Invoice 2026SPC_Oct,Invoice,2026SPC_Oct,10000,B302
01-10-2026,Q3,Invoice 2026SPC_Oct,Invoice,2026SPC_Oct,10000,C001
01-10-2026,Q3,Invoice 2026SPC_Oct,Invoice,2026SPC_Oct,10000,C002
01-10-2026,Q3,Invoice 2026SPC_Oct,Invoice,2026SPC_Oct,10000,C003
01-10-2026,Q3,Invoice 2026SPC_Oct,Invoice,2026SPC_Oct,10000,C101
01-10-2026,Q3,Invoice 2026SPC_Oct,Invoice,2026SPC_Oct,10000,C102
01-10-2026,Q3,Invoice 2026SPC_Oct,Invoice,2026SPC_Oct,10000,C103
01-10-2026,Q3,Invoice 2026SPC_Oct,Invoice,2026SPC_Oct,10000,C201
01-10-2026,Q3,Invoice 2026SPC_Oct,Invoice,2026SPC_Oct,10000,C202
01-10-2026,Q3,Invoice 2026SPC_Oct,Invoice,2026SPC_Oct,10000,C203
01-10-2026,Q3,Invoice 2026SPC_Oct,Invoice,2026SPC_Oct,10000,C301
01-10-2026,Q3,Invoice 2026SPC_Oct,Invoice,2026SPC_Oct,10000,C302
01-10-2026,Q3,Invoice 2026SPC_Oct,Invoice,2026SPC_Oct,10000,C303
01-10-2026,Q3,Invoice 2026SPC_Oct,Invoice,2026SPC_Oct,10000,D001
01-10-2026,Q3,Invoice 2026SPC_Oct,Invoice,2026SPC_Oct,10000,D002
01-10-2026,Q3,Invoice 2026SPC_Oct,Invoice,2026SPC_Oct,10000,D003
01-10-2026,Q3,Invoice 2026SPC_Oct,Invoice,2026SPC_Oct,10000,D101
01-10-2026,Q3,Invoice 2026SPC_Oct,Invoice,2026SPC_Oct,10000,D102
01-10-2026,Q3,Invoice 2026SPC_Oct,Invoice,2026SPC_Oct,10000,D103
01-10-2026,Q3,Invoice 2026SPC_Oct,Invoice,2026SPC_Oct,10000,D201
01-10-2026,Q3,Invoice 2026SPC_Oct,Invoice,2026SPC_Oct,10000,D202
01-10-2026,Q3,Invoice 2026SPC_Oct,Invoice,2026SPC_Oct,10000,D203
01-10-2026,Q3,Invoice 2026SPC_Oct,Invoice,2026SPC_Oct,10000,D301
01-10-2026,Q3,Invoice 2026SPC_Oct,Invoice,2026SPC_Oct,10000,D303
01-10-2026,Q3,Invoice 2026SPC_Oct,Invoice,2026SPC_Oct,10000,E001
01-10-2026,Q3,Invoice 2026SPC_Oct,Invoice,2026SPC_Oct,10000,E002
01-10-2026,Q3,Invoice 2026SPC_Oct,Invoice,2026SPC_Oct,10000,E101
01-10-2026,Q3,Invoice 2026SPC_Oct,Invoice,2026SPC_Oct,10000,E102
01-10-2026,Q3,Invoice 2026SPC_Oct,Invoice,2026SPC_Oct,10000,E201
01-10-2026,Q3,Invoice 2026SPC_Oct,Invoice,2026SPC_Oct,10000,E202
01-10-2026,Q3,Invoice 2026SPC_Oct,Invoice,2026SPC_Oct,10000,E301
01-10-2026,Q3,Invoice 2026SPC_Oct,Invoice,2026SPC_Oct,10000,E302
01-11-2026,Q3,Invoice 2026SPC_Nov,Invoice,2026SPC_Nov,10000,A001
01-11-2026,Q3,Invoice 2026SPC_Nov,Invoice,2026SPC_Nov,10000,A002
01-11-2026,Q3,Invoice 2026SPC_Nov,Invoice,2026SPC_Nov,10000,A101
01-11-2026,Q3,Invoice 2026SPC_Nov,Invoice,2026SPC_Nov,10000,A102
01-11-2026,Q3,Invoice 2026SPC_Nov,Invoice,2026SPC_Nov,10000,A201
01-11-2026,Q3,Invoice 2026SPC_Nov,Invoice,2026SPC_Nov,10000,A202
01-11-2026,Q3,Invoice 2026SPC_Nov,Invoice,2026SPC_Nov,10000,A301
01-11-2026,Q3,Invoice 2026SPC_Nov,Invoice,2026SPC_Nov,10000,A302
01-11-2026,Q3,Invoice 2026SPC_Nov,Invoice,2026SPC_Nov,10000,B001
01-11-2026,Q3,Invoice 2026SPC_Nov,Invoice,2026SPC_Nov,10000,B002
01-11-2026,Q3,Invoice 2026SPC_Nov,Invoice,2026SPC_Nov,10000,B101
01-11-2026,Q3,Invoice 2026SPC_Nov,Invoice,2026SPC_Nov,10000,B102
01-11-2026,Q3,Invoice 2026SPC_Nov,Invoice,2026SPC_Nov,10000,B201
01-11-2026,Q3,Invoice 2026SPC_Nov,Invoice,2026SPC_Nov,10000,B202
01-11-2026,Q3,Invoice 2026SPC_Nov,Invoice,2026SPC_Nov,10000,B301
01-11-2026,Q3,Invoice 2026SPC_Nov,Invoice,2026SPC_Nov,10000,B302
01-11-2026,Q3,Invoice 2026SPC_Nov,Invoice,2026SPC_Nov,10000,C001
01-11-2026,Q3,Invoice 2026SPC_Nov,Invoice,2026SPC_Nov,10000,C002
01-11-2026,Q3,Invoice 2026SPC_Nov,Invoice,2026SPC_Nov,10000,C003
01-11-2026,Q3,Invoice 2026SPC_Nov,Invoice,2026SPC_Nov,10000,C101
01-11-2026,Q3,Invoice 2026SPC_Nov,Invoice,2026SPC_Nov,10000,C102
01-11-2026,Q3,Invoice 2026SPC_Nov,Invoice,2026SPC_Nov,10000,C103
01-11-2026,Q3,Invoice 2026SPC_Nov,Invoice,2026SPC_Nov,10000,C201
01-11-2026,Q3,Invoice 2026SPC_Nov,Invoice,2026SPC_Nov,10000,C202
01-11-2026,Q3,Invoice 2026SPC_Nov,Invoice,2026SPC_Nov,10000,C203
01-11-2026,Q3,Invoice 2026SPC_Nov,Invoice,2026SPC_Nov,10000,C301
01-11-2026,Q3,Invoice 2026SPC_Nov,Invoice,2026SPC_Nov,10000,C302
01-11-2026,Q3,Invoice 2026SPC_Nov,Invoice,2026SPC_Nov,10000,C303
01-11-2026,Q3,Invoice 2026SPC_Nov,Invoice,2026SPC_Nov,10000,D001
01-11-2026,Q3,Invoice 2026SPC_Nov,Invoice,2026SPC_Nov,10000,D002
01-11-2026,Q3,Invoice 2026SPC_Nov,Invoice,2026SPC_Nov,10000,D003
01-11-2026,Q3,Invoice 2026SPC_Nov,Invoice,2026SPC_Nov,10000,D101
01-11-2026,Q3,Invoice 2026SPC_Nov,Invoice,2026SPC_Nov,10000,D102
01-11-2026,Q3,Invoice 2026SPC_Nov,Invoice,2026SPC_Nov,10000,D103
01-11-2026,Q3,Invoice 2026SPC_Nov,Invoice,2026SPC_Nov,10000,D201
01-11-2026,Q3,Invoice 2026SPC_Nov,Invoice,2026SPC_Nov,10000,D202
01-11-2026,Q3,Invoice 2026SPC_Nov,Invoice,2026SPC_Nov,10000,D203
01-11-2026,Q3,Invoice 2026SPC_Nov,Invoice,2026SPC_Nov,10000,D301
01-11-2026,Q3,Invoice 2026SPC_Nov,Invoice,2026SPC_Nov,10000,D303
01-11-2026,Q3,Invoice 2026SPC_Nov,Invoice,2026SPC_Nov,10000,E001
01-11-2026,Q3,Invoice 2026SPC_Nov,Invoice,2026SPC_Nov,10000,E002
01-11-2026,Q3,Invoice 2026SPC_Nov,Invoice,2026SPC_Nov,10000,E101
01-11-2026,Q3,Invoice 2026SPC_Nov,Invoice,2026SPC_Nov,10000,E102
01-11-2026,Q3,Invoice 2026SPC_Nov,Invoice,2026SPC_Nov,10000,E201
01-11-2026,Q3,Invoice 2026SPC_Nov,Invoice,2026SPC_Nov,10000,E202
01-11-2026,Q3,Invoice 2026SPC_Nov,Invoice,2026SPC_Nov,10000,E301
01-11-2026,Q3,Invoice 2026SPC_Nov,Invoice,2026SPC_Nov,10000,E302
